1.38 MODIFIED,"ELDON BASE FOR STACKABLE STORAGE SHELF, PLATINUM"�)� MODIFIED,MUHAMMED MACINTYRETARTUP�_۠U MODIFIED,354.04 MODIFIED,-213.25 MODIFIED,38.94 MODIFIED,35 MODIFIED,NUNAVUT MODIFIED,STORAGE & ORGANIZATION MODIFIED,0.83 MODIFIED

2UNAVUT MODIFIED,"1.7 CUBIC FOOT COMPACT ""CUBE"" OFFICE REFRIGERATORS" MODIFIED,BARRY FRENCH MODIFIED,2933 MODIFIED,457.81T MODIFIED,208.16 MODIFIED,68.0225 MODIFIED,NUNAVUT MODIFIED,APPLIANCES MODIFIED,0.5816 MODIFIED

3.38 MODIFIED,"CARDINAL SLANT-D� RING BINDER, HEAVY GAUGE VINYL"s\Pu������ MODIFIED,BARRY FRENCH MODIFIED,2938 MODIFIED,46.71 MODIFIED,8.6981T MODIFIED,2.99 MODIFIED,NUNAVUT MODIFIED,BINDERS AND BINDER ACCESSORIES MODIFIED,0.39 MODIFIED

4 MODIFIED,R380 MODIFIED,CLAY ROZENDAL MODIFIED,4830225 MODIFIED,1198.97 MODIFIED,195.99T MODIFIED,3.99 MODIFIED,NUNAVUT MODIFIED,TELEPHONES AND COMMUNICATION� MODIFIED,0.58 MODIFIED

5unavut MODIFIED,HOLMES HEPA AIR PURIFIER
V� MODIFIED,CARLOS SOLTERO MODIFIED,5158.97 MODIFIED,30.94UT MODIFIED,21.78ut MODIFIED,5.94 MODIFIED,NUNAVUT MODIFIED,APPLIANCES MODIFIED,0.50 MODIFIED

66.71 MODIFIED,G.E. LONGER-LIFE INDOOR RECESSED FLOODLIGHT BULBS MODIFIED,CARLOS SOLTERO MODIFIED,5158.97 MODIFIED,4.43 MODIFIED,6.64.97 MODIFIED,4.9516 MODIFIED,NUNAVUT MODIFIED,OFFICE FURNISHINGS MODIFIED,0.3716 MODIFIED

7.43 MODIFIED,"ANGLE-D BINDERS WITH LOCKING RINGS, LABEL HOLDERS" MODIFIED,CARL JACKSON MODIFIED,6134.97 MODIFIED,-54.04T MODIFIED,7.33 MODIFIED,7.72 MODIFIED,NUNAVUT MODIFIED,BINDERS AND BINDER ACCESSORIES MODIFIED,0.38 MODIFIED

8UNAVUT MODIFIED,"SAFCO MOBILE DESK SIDE FILE, WIRE FRAME" MODIFIED,CARL JACKSONAIR PURIFIER
V� MODIFIED,613AVUT MODIFIED,127.70 MODIFIED,42.7697 MODIFIED,6.22vut MODIFIED,NUNAVUT MODIFIED,STORAGE & ORGANIZATIONON_à5 MODIFIED,5.94 MODIFIED

9UNAVUT MODIFIED,"SAFCO COMMERCIAL WIRE SHELVING, BLACK" MODIFIED,MONICA FEDERLE MODIFIED,643 MODIFIED,-695.26 MODIFIED,138.14t MODIFIED,3533 MODIFIED,NUNAVUT MODIFIED,STORAGE & ORGANIZATIONym�_�v MODIFIED,30.94UT MODIFIED

10navut MODIFIED,XEROX 198rnishings MODIFIED,DOROTHY BADDERSTORM_VM_O�_ՠN MODIFIED,67871 MODIFIED,-226.36 MODIFIED,4.9870 MODIFIED,8.33vut MODIFIED,NUNAVUT MODIFIED,PAPER MODIFIED,0.38vut MODIFIED

